{
  "user": [
    {
      "id": 1,
      "name": "test",
      "pwd": "123"
    },
    {
      "id": 2,
      "name": "admin",
      "pwd": "admin"
    }
  ],
  "category": [
    {
      "id": 1,
      "cname": "食品"
    },
    {
      "id": 2,
      "cname": "饮品"
    }
  ],
  "goods": [
    {
      "id": 1,
      "name": "方便面",
      "price": 2.5,
      "produceDate": "2020-01-01"
    },
    {
      "id": 2,
      "name": "冰红茶",
      "price": 3.5,
      "produceDate": "2020-03-01"
    }
  ],
  "student":[
	{"id":1001,"name":"张三一","sex":"男","age":20},
        {"id":1002,"name":"李四喜","sex":"女","age":19},
        {"id":1003,"name":"王五兴","sex":"男","age":21},
        {"id":1004,"name":"赵六润","sex":"女","age":22}
  ]
}